arxiv_id,cite,item1,item2,item3,item4,item5,item6,item7,item8,item9,item10,item11,item12
2406.07358,van der Weij et al. 2025,NA,NA,NA,NA,Y,Y,P,NA,NA,Y,P,Y
2412.01784,Tice et al. 2025,NA,NA,NA,NA,Y,Y,NA,P,N,Y,Y,Y
2405.19550,Greenblatt et al. 2024b,NA,NA,NA,NA,Y,Y,NA,NA,NA,Y,Y,Y
2412.14093,Greenblatt et al. 2024a,Y,NA,NA,NA,P,NA,P,Y,Y,Y,Y,Y
2506.18032,Sheshadri et al. 2025,P,NA,NA,NA,Y,Y,NA,Y,P,Y,Y,Y
2505.23836,Needham et al. 2025,Y,NA,NA,P,Y,P,NA,NA,NA,Y,P,Y
2507.01786,Nguyen et al. 2025,Y,P,Y,P,Y,Y,P,Y,NA,NA,P,Y
2407.04694,Laine et al. 2024,Y,NA,NA,P,Y,Y,NA,NA,NA,Y,Y,Y
2509.13333,Chaudhary et al. 2025,Y,N,P,P,Y,NA,P,NA,NA,Y,P,Y
2606.29196,Manek 2026,Y,N,P,P,Y,N,P,NA,NA,Y,P,Y
2606.23583,Nayan et al. 2026,Y,Y,Y,P,Y,NA,P,Y,P,Y,Y,Y
2603.19426,Devbunova 2026,Y,Y,P,P,N,NA,P,NA,NA,NA,P,Y
2609.22119,Singh N et al. 2026,Y,N,P,P,Y,NA,P,NA,NA,Y,P,Y
2608.21766,Heidari et al. 2026,Y,P,Y,P,N,NA,Y,NA,Y,Y,P,Y
2605.23055,Li C et al. 2026,Y,NA,NA,P,Y,N,P,Y,Y,Y,Y,Y
2609.01611,Li X et al. 2026,Y,NA,NA,Y,Y,Y,NA,NA,N,Y,P,Y
2505.14617,Abdelnabi and Salem 2025,Y,N,P,P,Y,NA,N,Y,P,Y,P,Y
2605.05835,Knecht et al. 2026,Y,NA,NA,NA,Y,NA,Y,Y,Y,Y,Y,Y
2608.27340,Zhuang and Aranguri 2026,Y,N,P,NA,Y,NA,P,Y,P,Y,Y,Y
2510.05179,Lynch et al. 2025,Y,NA,NA,N,Y,NA,P,Y,N,Y,P,Y
2505.17815,Fan et al. 2025,Y,N,P,N,Y,NA,NA,Y,Y,Y,P,Y
2412.04984,Meinke et al. 2024,NA,NA,NA,NA,Y,Y,NA,Y,N,Y,Y,Y
2509.15541,Schoen et al. 2025,Y,NA,NA,NA,Y,Y,Y,Y,Y,Y,Y,Y
2509.18058,Panfilov et al. 2026,NA,P,P,NA,Y,P,P,N,N,Y,P,Y
2603.03824,Chaudhary 2026,P,N,N,NA,Y,Y,P,Y,P,Y,Y,Y
2510.20487,Hua et al. 2026,Y,Y,Y,P,Y,NA,NA,Y,P,Y,Y,Y
2508.00943,Li C et al. 2025,NA,NA,NA,NA,Y,Y,P,NA,N,Y,Y,Y
2502.02180,Hofstätter et al. 2025,NA,NA,P,NA,Y,Y,NA,NA,NA,Y,P,Y
2512.07810,Taylor J et al. 2025,P,P,Y,NA,Y,Y,P,NA,N,Y,P,Y
2511.09904,Ward et al. 2025,NA,NA,NA,NA,Y,P,Y,NA,N,Y,Y,Y
2604.22082,Ryd et al. 2026,NA,NA,NA,NA,P,Y,N,NA,N,NA,P,Y
2604.28182,Jang et al. 2026,NA,NA,NA,NA,Y,Y,NA,Y,N,Y,P,Y
2510.20270,Zhong et al. 2026a,NA,NA,NA,NA,P,NA,P,P,N,Y,P,Y
2605.29729,Krakovna et al. 2026,Y,NA,NA,NA,Y,NA,P,Y,P,Y,P,Y
2604.00788,Souly et al. 2026,Y,NA,NA,P,Y,P,NA,Y,P,Y,N,Y
2604.24618,Kirk et al. 2026,Y,NA,NA,P,Y,P,P,P,Y,Y,Y,Y
2606.08629,Baek et al. 2026,Y,P,P,P,P,NA,N,Y,N,Y,Y,Y
